Workbook

Sheet Instructions
A1: Please read the instructions for using the calculator following the table 1 and 2 in the paper:
A2: 1. This file is to calculate the total switching energy loss of a standalone MOSFET used in a DPT setup.
A4: 2. In the 'Description of parameters' sheet, all the inputs from the user are provided in two tables
A6: 3. In one table, all the datasheet parameters need to be provided. In another table, all the system parameters need to be provided.
A8: 4. The total energy loss is calculated in the 'Calculation' sheet in X2 cell (coloured in yellow)
A10: An example is given for IRF520 MOSFET

Sheet Description of the parameters
B1: Input system parameters here: | G1: Input datasheet parameters here:
A2: Sytem parameters | G2: Datasheet parameters | AB2: Datasheet parameter | AG2: Datasheet parameter
A3: Name | B3: Symbol | C3: Value | D3: Unit | G3: Name | H3: Symbol | I3: Value | J3: Unit
A4: Input gate voltage | B4: V_GG | C4: 20 | D4: V | G4: Threshold gate voltage | H4: V_th | I4: 4 | J4: V
A5: Input DC voltage | B5: V_dd | C5: 36 | D5: V | G5: Forward transconductance specified at the datasheet | H5: g_m0 | I5: 2.7 | J5: S
A6: Load current | B6: I_L | C6: 9 | D6: A | G6: Input capacitance of the gate | H6: C_iss | I6: 3.6e-10 | J6: F | AG6: Ir should be linked to the calculation sheet in Delta_I
A7: External Gate Resistance | B7: R_G,ext | C7: 20 | D7: Ω | G7: Gate-drain capacitance when drain-source voltage is 1 V | H7: K (Cgd0) | I7: 2.25e-10 | J7: F
G8: Drain-source capacitance when drain-source voltage is 1 V | H8: K1 (Cds0) | I8: 5.6e-10 | J8: F
G9: Parasitic inductance associated with source terminal | H9: L_s | I9: 7.5e-09 | J9: H
G10: Parasitic inductance associated with drain terminal | H10: L_d | I10: 4.5e-09 | J10: H
G11: Internal Gate Resistance | H11: R_G,int | I11: 5 | J11: Ω
G12: Load current specified for the reverse recovery current | H12: I_L,r | I12: 9.2 | J12: A
G13: Reverse Recovery Current at datasheet | H13: Ir | I13: 5 | J13: A
G14: Current specified at the forward transconductance of the datasheet | H14: I_L,gm | I14: 5.5 | J14: A
G15: This table corresponds to Table 1 of the paper

Sheet Calculation
A1: V_GG (V) | B1: V_dd | C1: I_L (A) | D1: Delta_I (A) | E1: g_m | F1: R_G (Ohm) | G1: V_p (V) | H1: C_iss | I1: V_th (typ) | J1: K (Cgd0) | K1: V_p1 (V) | L1: t_ri | M1: t_i | N1: V_ds1 (V) | O1: t_f | P1: t_fv | Q1: t_fi | R1: t_rv | S1: T_on+t_r | T1: T_off | U1: E_on | V1: E_off | W1: C_gd | X1: E | Y1: A | Z1: C_iss1 | AA1: L_s (H) | AB1: V_R | AC1: V_R1 | AD1: I_ds1 | AE1: V_p1 | AF1: L_d (H) | AG1: K1 (Cds0) | AH1: V | AI1: I_L,r | AJ1: Ir | AK1: gm0 | AL1: I_L,gm
A2: ='Description of the parameters'!C4 -> 20 | B2: ='Description of the parameters'!C5 -> 36 | C2: ='Description of the parameters'!C6 -> 9 | D2: =AJ2*SQRT(C2/AI2) -> 4.9453536 | E2: =AK2*SQRT(C2/AL2) -> 3.4538516 | F2: ='Description of the parameters'!C7+'Description of the parameters'!I11 -> 25 | G2: =I2+C2/E2 -> 6.6057865 | H2: ='Description of the parameters'!I6 -> 3.6e-10 | I2: ='Description of the parameters'!I4 -> 4 | J2: ='Description of the parameters'!I7 -> 2.25e-10 | K2: =I2+(C2+D2)/E2 -> 8.0376238 | L2: =F2*H2*LN((1+E2*AA2/(F2*H2))*(A2-I2)/(A2-K2)) -> 1.4815763e-08 | M2: =F2*H2*LN(K2/G2) -> 1.7656874e-09 | N2: =0.25*(2*SQRT(B2-AB2+AH2) - A2*M2/(F2*J2)-K2*F2*Z2*(EXP(-M2/(F2*Z2)) - 1)/(F2*J2))^2 -> 32.641518 | O2: =2*SQRT(N2)*J2/((A2 - G2)/F2) -> 4.7986655e-09 | P2: =M2+O2 -> 6.5643529e-09 | Q2: =F2*H2*LN((1+E2*AA2/(F2*H2))*(E2*I2+AD2)/(E2*I2)) -> 1.6449995e-08 | R2: =2*SQRT(B2)*J2/(G2/F2) -> 1.0218314e-08 | S2: =L2+P2 -> 2.1380116e-08 | T2: =Q2+R2 -> 2.6668309e-08 | U2: =0.5*(B2-AB2)*(C2+D2)*L2+(1/3)*(1*C2+D2)*(B2-AB2)*M2+(1/6)*N2*(1*C2+D2)*M2+(1/6)*(B2-AB2)*C2*M2+(1/3)*N2*C2*M2+2/3*N2*SQRT(N2)*J2/((A2-G2)/F2) -> 3.1794372e-06 | V2: =0.5*(B2+(AA2+AF2)*AD2/Q2)*AD2*Q2 + 1/3*B2*AD2*R2 -> 3.9106786e-06 | W2: 1.25e-10 | X2: =U2+V2 -> 7.0901158e-06 | Y2: =(B2-AB2)/G2 -> 3.7399009 | Z2: =H2 + (1 + Y2)*W2 -> 9.5248761e-10 | AA2: ='Description of the parameters'!I9 -> 7.5e-09 | AB2: =(AA2+AF2)*(C2+D2)/(L2+0) -> 11.295013 | AC2: =(AA2+AF2)*(C2+0)/L2 -> 7.2895332 | AD2: =C2 - (AG2/J2)*G2/F2 -> 8.3423573 | AE2: =AD2/E2 + I2 -> 6.415378 | AF2: ='Description of the parameters'!I10 -> 4.5e-09 | AG2: ='Description of the parameters'!I8 -> 5.6e-10 | AH2: =(AA2+AF2)*D2/M2 -> 33.609712 | AI2: ='Description of the parameters'!I12 -> 9.2 | AJ2: ='Description of the parameters'!I13 -> 5 | AK2: ='Description of the parameters'!I5 -> 2.7 | AL2: ='Description of the parameters'!I14 -> 5.5
S4: Check:
S5: Calcualted Energy(Joules)
S6: Other calculated parameters from Table 2 of the paper
